augment,arch,seed,weakness_translation,weakness_wrong_group,toroidal_score,betti_match_torus,betti1_estimate,h1_top1,h1_top2,h2_top,fourier_pr,id_accuracy,ood_accuracy,final_loss,coverage,ood_arena_1,ood_arena_1_25,ood_arena_1_5,ood_arena_2
full_translation,gru,20260628,0.7592323412018324,0.0,0.5636809537154227,True,2,1.831252910149947,1.8026965181674697,1.4311817736968786,3.228451978204134,0.955,0.95225,0.12520405650138855,1.0,0.9515,0.95075,0.9575,0.95225
full_translation,gru,20260728,0.7352402216232172,0.0,0.5950843799096722,True,2,1.8917349214058903,1.8688353574584113,1.473648496647016,3.234861610471925,0.9515,0.95575,0.1131756380200386,1.0,0.95,0.9605,0.96025,0.95575
full_translation,gru,20260828,0.46975364392760643,0.0,0.2183923392351258,False,3,1.7657406220246268,0.9320892129866465,0.9126626120913843,4.642912688975439,0.93675,0.9225,0.16921672224998474,1.0,0.936,0.9275,0.9275,0.9225
full_translation,gru,20260928,0.7977561107038411,0.0,0.3290783289388493,True,2,2.00113272785702,1.3139232630809519,1.022112044263487,2.8746898650380968,0.9565,0.95975,0.12403032183647156,1.0,0.95375,0.95275,0.9475,0.95975
full_translation,gru,20261028,0.8737058217447103,0.0,0.5275798896167744,True,2,1.9048192183971697,1.6698534495643265,1.4539434028185965,2.8979671407307634,0.959,0.9655,0.12816768884658813,1.0,0.9625,0.961,0.96025,0.9655
full_translation,gru,20261128,0.5964008361915086,0.0,0.384807429611733,True,2,1.5736918212008528,1.506414736985048,0.8314621607856714,5.454913777700285,0.9445,0.93775,0.14559999108314514,1.0,0.94375,0.93675,0.95575,0.93775
full_translation,gru,20261228,0.7678553477534044,0.0,0.44779524704100715,True,2,2.009721196307914,1.5537872784329694,1.1854343626311739,3.1169317156085357,0.9565,0.96025,0.1252947747707367,1.0,0.95225,0.963,0.95675,0.96025
full_translation,gru,20261328,0.3502583532860587,0.0,0.26404683765752923,False,3,1.8410936293703966,1.1291628184927527,0.6621365818213825,3.856937489890161,0.93275,0.9185,0.18352170288562775,1.0,0.93075,0.93975,0.932,0.9185
full_translation,gru,20261428,0.843096321963855,0.0,0.47840360608459376,True,2,1.7879462774647836,1.6061337373391111,1.173197938336647,3.0870932741907198,0.9515,0.96125,0.12496235221624374,1.0,0.954,0.9655,0.96425,0.96125
full_translation,gru,20261528,0.058576564144886274,0.0,0.4902914580573094,True,2,1.9588572724665723,1.792103699094994,1.2229939389369449,3.074883704941919,0.95675,0.96025,0.11602699011564255,1.0,0.95625,0.95775,0.956,0.96025
full_translation,gru,20261628,0.5565212873179681,0.0,0.26994540412373874,True,2,1.388468512742256,1.008209046666504,0.7090513278274226,5.950812623156138,0.93875,0.925,0.17348290979862213,1.0,0.93375,0.92875,0.92925,0.925
full_translation,gru,20261728,0.8094591831016816,0.0,0.4852851339809189,True,2,1.935751458117654,1.5663669486454102,1.181325627204004,3.0599068203100073,0.96075,0.96475,0.1254468411207199,1.0,0.9535,0.96275,0.95675,0.96475
full_translation,gru,20261828,0.6088929255485327,0.0,0.3601006735040632,True,2,1.6450735391830913,1.1312771443488505,0.8002680491282281,3.9963639523536876,0.9395,0.945,0.15346835553646088,1.0,0.94825,0.94575,0.94375,0.945
full_translation,gru,20261928,0.7002033796874296,0.0,0.0725528349804498,False,2,1.0984561959151438,1.0375841816828097,0.1570484321302401,4.028869361225695,0.92425,0.913,0.19031213223934174,1.0,0.9305,0.9315,0.92825,0.913
full_translation,gru,20262028,0.8344065336283049,0.0,0.5840946855057507,True,2,1.8633703446964374,1.794155785163346,1.527896259333631,3.1235483007613136,0.95975,0.96475,0.11211468279361725,1.0,0.95675,0.9625,0.96225,0.96475
full_translation,gru,20262128,0.7311683761977732,0.0,0.5912914477464946,True,2,1.9818156195809289,1.8277487544433204,1.3991582649934793,3.0153243608488975,0.959,0.95825,0.11816691607236862,1.0,0.95125,0.95775,0.95525,0.95825
full_translation,gru,20262228,0.7383293964469433,0.0,0.5037019035990635,True,2,2.0400108358672693,1.6592826609348938,1.4168846301953775,3.9708197947340547,0.9525,0.965,0.11864111572504044,1.0,0.95325,0.9595,0.95925,0.965
full_translation,gru,20262328,0.7758541727008001,0.0,0.02147373795982671,False,31,1.4252714528089192,0.42781230339829823,0.19867638673880927,4.542723028772993,0.92425,0.9285,0.19937513768672943,1.0,0.9275,0.92375,0.92525,0.9285
full_translation,gru,20262428,0.7653459076706685,0.0,0.542274878079353,True,2,2.0051394148329535,1.779203136584231,1.42536806732734,3.3017433740757283,0.962,0.961,0.12150765210390091,1.0,0.9575,0.954,0.9585,0.961
full_translation,gru,20262528,0.7740992515507896,0.0,0.5678793802510839,True,2,2.061360868365483,1.802168389455344,1.6031024507229454,3.2271618434983775,0.957,0.9635,0.12278953194618225,1.0,0.95675,0.96075,0.958,0.9635
full_translation,gru,20262628,0.44893242036685277,0.0,0.11904395054256639,False,4,1.5194049527793618,0.9498281164979392,0.2693527433775764,3.831754455393233,0.94675,0.9445,0.15986739099025726,1.0,0.9455,0.94725,0.94275,0.9445
full_translation,gru,20262728,0.5768665426289741,0.0,0.5832041466204325,True,2,2.0046293898443053,1.7765176523528532,1.5119795127587545,3.6486083109918144,0.95875,0.9625,0.12020956724882126,1.0,0.9585,0.953,0.96275,0.9625
full_translation,gru,20262828,0.7706031250706445,0.0,0.29168138492790907,True,2,1.9784918440619137,1.2673288740016195,0.6629469377247008,3.27535059488157,0.94175,0.945,0.16725298762321472,1.0,0.93775,0.94375,0.925,0.945
full_translation,gru,20262928,0.8207417317444928,0.0,0.6026265994327065,True,2,1.8895711974567546,1.8874811211770641,1.570855712211533,3.3928910884867243,0.954,0.95675,0.12319353222846985,1.0,0.962,0.95525,0.957,0.95675
full_translation,gru,20263028,0.8651007432808506,0.0,0.4903162811021393,True,2,1.8388928607536617,1.5759137056068302,1.2612985011401014,3.2403657135644672,0.9485,0.9495,0.13505671918392181,1.0,0.95025,0.9495,0.958,0.9495
full_translation,gru,20263128,0.6058651215677362,0.0,0.4664430584935826,True,2,2.106001548535911,1.7602256739173328,1.4033998989103216,3.1637198727531612,0.96025,0.96425,0.12104000896215439,1.0,0.955,0.9665,0.957,0.96425
full_translation,gru,20263228,0.4363396338030652,0.0,0.3935099010122816,True,2,1.6394751620967167,1.3313937417759825,1.0258798949712538,3.7682846752727683,0.95375,0.95125,0.13694198429584503,1.0,0.9515,0.948,0.95325,0.95125
full_translation,gru,20263328,0.5977271988217664,0.0,0.6022922067128832,True,2,1.9363574467855196,1.8877321119020403,1.560183744171818,3.477532813932838,0.9545,0.963,0.11929165571928024,1.0,0.95725,0.961,0.9585,0.963
full_translation,gru,20263428,0.7827200834179177,0.0,0.5483840477480904,True,2,1.8673668344767482,1.7482136091326503,1.4042810474115759,3.1187527057752815,0.9565,0.9565,0.12058446556329727,1.0,0.96225,0.95775,0.95975,0.9565
full_translation,gru,20263528,0.733191357059732,0.0,0.5212413943217519,True,2,1.8539386481076396,1.6426829009694417,1.3624503119425044,2.9904363696208174,0.9545,0.9585,0.12221934646368027,1.0,0.95475,0.9565,0.9625,0.9585
full_translation,gru,20263628,0.6827629460700965,0.0,0.6055715791444453,True,2,2.110564745445244,1.913456705048418,1.5222617692173717,3.4863975500587436,0.959,0.9635,0.12410157173871994,1.0,0.9625,0.963,0.963,0.9635
full_translation,gru,20263728,0.30199142621200425,0.0,0.3076253911397067,True,2,1.4123784141837437,1.1281600143562671,0.6187510125752647,3.7283519343069065,0.9285,0.925,0.17613257467746735,1.0,0.93525,0.9325,0.94575,0.925
full_translation,rnn,20260628,0.7114378697038851,0.0,0.39148335614251073,True,2,2.656402796401668,2.194879809211286,1.677507333598546,5.693698560019849,0.94775,0.953,0.1412036120891571,1.0,0.949,0.9475,0.95325,0.953
full_translation,rnn,20260728,0.8456460242871668,0.0,0.19338641733537928,False,3,2.633964986394563,1.7654201618058019,1.470239260508365,5.9669017572615255,0.94075,0.95125,0.1375861018896103,1.0,0.93975,0.95475,0.9475,0.95125
full_translation,rnn,20260828,0.870063629160581,0.0,0.2034670721163441,False,3,2.6249365134183007,1.584957131760584,1.0186633823751636,5.623136485734681,0.947,0.95525,0.12461356073617935,1.0,0.94525,0.9515,0.95025,0.95525
full_translation,rnn,20260928,0.8948861694396046,0.0,0.40273526920097824,True,2,2.4220542262097817,2.2674419701990405,1.9344061186566672,4.56308334817702,0.95525,0.96075,0.12908777594566345,1.0,0.95175,0.9515,0.947,0.96075
full_translation,rnn,20261028,0.8779001168226528,0.0,0.36715421490363526,True,2,2.4562068970872666,2.4114296421652286,1.3299981970359909,5.911454020485825,0.943,0.9515,0.14983582496643066,1.0,0.951,0.948,0.95475,0.9515
full_translation,rnn,20261128,0.9023229292669208,0.0,0.2781942264525821,True,2,2.360238714591061,1.9970354431946502,1.7201705442635262,4.845129080585782,0.94575,0.94925,0.12831313908100128,1.0,0.9505,0.9565,0.95175,0.94925
full_translation,rnn,20261228,0.9010962799036596,0.0,0.24981120929182196,False,3,2.6404565878243647,1.8022070067900153,1.1469337943500122,5.147271189654887,0.94,0.94825,0.13619275391101837,1.0,0.93225,0.9455,0.941,0.94825
full_translation,rnn,20261328,0.8857622245875797,0.0,0.32851707027030486,True,2,2.951562225397848,2.020525422964574,1.5158531964086799,4.925045232960225,0.95175,0.95375,0.12958642840385437,1.0,0.93925,0.9555,0.95175,0.95375
full_translation,rnn,20261428,0.9249059652454084,0.0,0.3802339114379324,True,2,2.4270004886506134,2.143924610632183,1.5507703666622366,4.807710353669972,0.94075,0.94875,0.13651607930660248,1.0,0.947,0.95975,0.95625,0.94875
full_translation,rnn,20261528,0.9260752142366245,0.0,0.43824373078410045,True,2,2.5309707690713634,2.302138636035224,1.51364072614984,6.062385664315534,0.944,0.94875,0.13975542783737183,1.0,0.93775,0.94825,0.9375,0.94875
full_translation,rnn,20261628,0.7893328678797018,0.0,0.3653550928571548,True,2,2.7776938395216546,2.018544532939199,1.528393387069622,7.200333986401839,0.9415,0.93825,0.1436080038547516,1.0,0.9415,0.93775,0.93625,0.93825
full_translation,rnn,20261728,0.906632170132437,0.0,0.37511588386171496,True,2,2.4136994165264527,2.042942506343376,1.3773235536619297,3.726486572158858,0.937,0.9425,0.15335556864738464,1.0,0.939,0.943,0.941,0.9425
full_translation,rnn,20261828,0.8592132450344498,0.0,0.10695420444815457,False,4,2.6297900294709455,1.0331824360090303,0.545329306688636,4.909623830484702,0.929,0.93925,0.1639605164527893,1.0,0.9395,0.933,0.93475,0.93925
full_translation,rnn,20261928,0.8042926171934879,0.0,0.03417719484601238,False,23,1.1113873210868879,0.7703534759262316,0.14997830485875507,7.382993250113949,0.93525,0.919,0.16475610435009003,1.0,0.92975,0.937,0.9235,0.919
full_translation,rnn,20262028,0.8429160102404618,0.0,0.15866257628059063,False,3,1.724324148677648,1.426491069695412,0.951065177806222,6.722962000724644,0.946,0.956,0.13567256927490234,1.0,0.94175,0.95175,0.94525,0.956
full_translation,rnn,20262128,0.8724436793148321,0.0,0.28003348551230783,True,2,3.100425115389249,1.910851664153399,1.5840085239251307,5.030756376456026,0.9565,0.952,0.12658625841140747,1.0,0.94725,0.95375,0.95225,0.952
full_translation,rnn,20262228,0.8605582059118377,0.0,0.2953843228225229,True,2,3.1666421342012354,1.7137069904794555,1.337057859221642,5.314644805966091,0.94175,0.9595,0.13088145852088928,1.0,0.94375,0.945,0.944,0.9595
full_translation,rnn,20262328,0.9111301575190508,0.0,0.19398836470001288,False,3,2.375253448795676,1.340671664055355,0.8501590323923236,4.5642189639698625,0.9435,0.94725,0.14486069977283478,1.0,0.952,0.9515,0.94825,0.94725
full_translation,rnn,20262428,0.8458385023452716,0.0,0.04870411238699067,False,2,3.2853429518209736,1.1561534800258249,0.20988410059376417,5.452963893772311,0.923,0.92,0.20297953486442566,1.0,0.91875,0.91475,0.91425,0.92
full_translation,rnn,20262528,0.9111158527582938,0.0,0.1932565964024644,False,3,3.016674949939128,1.8848423747364649,1.3344789224142248,4.382034312475667,0.94725,0.94775,0.13889311254024506,1.0,0.94575,0.952,0.943,0.94775
full_translation,rnn,20262628,0.8773760181939606,0.0,0.35928864888789425,True,2,2.3729387715733066,2.0404250916267,1.313000828052504,5.353392384549313,0.955,0.95475,0.1500687152147293,1.0,0.952,0.954,0.95175,0.95475
full_translation,rnn,20262728,0.8726716584223889,0.0,0.3550769727603744,True,2,2.4145743498181895,1.7934604361939552,1.244661452638804,4.715811309833659,0.9535,0.95725,0.1328081488609314,1.0,0.95125,0.95025,0.956,0.95725
full_translation,rnn,20262828,0.9244681509407171,0.0,0.18532850318823224,False,3,2.9710519697788538,1.4246129029690202,0.9647789564794702,4.804508917188492,0.9475,0.96075,0.14414025843143463,1.0,0.943,0.93975,0.94525,0.96075
full_translation,rnn,20262928,0.8644059691405184,0.0,0.35719381657925525,True,2,2.4004100384110685,1.9790485613139868,1.344554438809125,4.999836746255665,0.9475,0.956,0.1301359236240387,1.0,0.95475,0.95725,0.9565,0.956
full_translation,rnn,20263028,0.9053110877790179,0.0,0.24792617526468025,True,2,2.138794899509882,1.6050204727280857,0.8896540308347953,6.2944194192049565,0.94275,0.9395,0.1366562694311142,1.0,0.94125,0.93875,0.94575,0.9395
full_translation,rnn,20263128,0.8692560674662482,0.0,0.018757353332898158,False,21,2.1170619004447238,0.7984594244832253,0.13468828929599397,5.953519721116629,0.93075,0.91825,0.1827402263879776,1.0,0.925,0.9265,0.915,0.91825
full_translation,rnn,20263228,0.920259203655912,0.0,0.4200480894166377,True,2,2.6479580980040383,2.2349818179253025,1.681212508605142,4.535106996725314,0.9525,0.953,0.13490204513072968,1.0,0.957,0.958,0.95775,0.953
full_translation,rnn,20263328,0.92959821310389,0.0,0.18301856472379485,False,3,2.589930574771924,1.3324239006756051,1.1536433312773573,4.388368059503079,0.95075,0.94975,0.1391805112361908,1.0,0.94625,0.948,0.94725,0.94975
full_translation,rnn,20263428,0.8743261117659493,0.0,0.4091132213050545,True,2,2.398900197182989,2.2351393935248667,1.8669949189089556,5.261448070218348,0.952,0.954,0.12005006521940231,1.0,0.95475,0.9545,0.95125,0.954
full_translation,rnn,20263528,0.8157288181076392,0.0,0.4411374597372312,True,2,2.4937559618256637,2.2804310725456887,1.9739910254408621,5.680399019619178,0.9545,0.95975,0.12550541758537292,1.0,0.94925,0.95125,0.95575,0.95975
full_translation,rnn,20263628,0.8906932018709751,0.0,0.3773585503349974,True,2,2.892428909110934,2.3238273604870363,1.381271137837738,5.584358494072929,0.94525,0.948,0.14200443029403687,1.0,0.9435,0.9405,0.94575,0.948
full_translation,rnn,20263728,0.9098011932926917,0.0,0.35848633728683477,True,2,2.7633752300828904,1.9426842699730464,1.6358600300959267,5.6034031516744776,0.9315,0.93825,0.15803755819797516,1.0,0.938,0.94625,0.9385,0.93825
partial_translation,gru,20260628,0.12189557377037076,0.0,0.0011293139097861586,False,22,0.41752302613823544,0.4099338949494159,0.06869461641954466,5.797155428778835,0.92575,0.728,0.25419965386390686,1.0,0.91075,0.7665,0.6785,0.728
partial_translation,gru,20260728,0.260459371754792,0.0,0.011052479388425868,False,23,0.42655275839222084,0.3661734386197888,0.04935403168576591,7.843597887018097,0.912,0.71125,0.25000983476638794,1.0,0.9225,0.74275,0.695,0.71125
partial_translation,gru,20260828,0.04876964225518938,0.0,0.017460271833173818,False,21,0.4505046837889526,0.3821139786316169,0.0772938917520456,6.101741750498839,0.933,0.72175,0.20650047063827515,1.0,0.9245,0.8185,0.7255,0.72175
partial_translation,gru,20260928,0.4127214239715939,0.0,0.0029426034709843143,False,23,0.3981975399483352,0.36477607486662067,0.08783837368584047,6.7566337758664945,0.9025,0.7325,0.22941403090953827,1.0,0.92775,0.826,0.69725,0.7325
partial_translation,gru,20261028,0.37825981829542416,0.0,0.005159574631340166,False,31,0.32271012342529437,0.30878304410193935,0.01255637493972428,5.96185077084574,0.9345,0.75175,0.22034689784049988,1.0,0.92375,0.806,0.697,0.75175
partial_translation,gru,20261128,0.17383863260444354,0.0,0.021359172726306268,False,15,0.5605662677820619,0.4570054396087547,0.05177508699747957,5.697904402606326,0.9225,0.73325,0.16826865077018738,1.0,0.91925,0.8235,0.6955,0.73325
partial_translation,gru,20261228,0.0,0.0,0.014096494328728053,False,21,0.3744555013772901,0.37203320629521497,0.0843334684661794,8.45727942417575,0.9085,0.73125,0.2984963655471802,1.0,0.911,0.73975,0.67525,0.73125
partial_translation,gru,20261328,0.45985901749593616,0.0,0.021400511681269507,False,12,0.4718374849376735,0.4517514706707596,0.051498268793275015,6.210834217310433,0.92325,0.744,0.28367510437965393,1.0,0.9025,0.786,0.69925,0.744
partial_translation,gru,20261428,0.6550221715735866,0.0,0.0,False,18,0.4013970757966061,0.39304910315324526,0.0,5.930781114751096,0.90875,0.7085,0.18340034782886505,1.0,0.9175,0.81775,0.68975,0.7085
partial_translation,gru,20261528,0.2710912078244602,0.0,0.0,False,29,0.4486265110216089,0.3915179472613861,0.0,7.356886073419777,0.91375,0.72775,0.3032163977622986,1.0,0.9155,0.79625,0.69525,0.72775
partial_translation,gru,20261628,0.27743759506716953,0.0,0.003846476366504673,False,26,0.4491259937177037,0.32868809428307266,0.02685090330094697,6.092876194395278,0.92025,0.741,0.21728797256946564,1.0,0.931,0.801,0.6795,0.741
partial_translation,gru,20261728,0.5766955914234073,0.0,0.005808957029773822,False,28,0.3207662359126664,0.3205674420828363,0.02388127587225175,5.658619474189107,0.907,0.7275,0.2797242999076843,1.0,0.90825,0.75425,0.7205,0.7275
partial_translation,gru,20261828,0.6251558540213115,0.0,0.012720421674504982,False,21,0.4434633698504975,0.4135758563791708,0.03254226918608771,5.41485457476799,0.93275,0.72,0.27705299854278564,1.0,0.94625,0.80425,0.672,0.72
partial_translation,gru,20261928,0.6281708278081596,0.0,0.00774437385344107,False,30,0.3046224688020761,0.3003830922795432,0.10366440292487256,5.324425004106402,0.924,0.6985,0.2691258192062378,1.0,0.909,0.775,0.67225,0.6985
partial_translation,gru,20262028,0.37238779138573536,0.0,0.006978477237277956,False,17,0.42233907084942146,0.38903126289987644,0.04421165654753412,5.4702321229787545,0.9045,0.717,0.31390756368637085,1.0,0.9125,0.79225,0.6985,0.717
partial_translation,gru,20262128,0.6035862621249214,0.0,0.0062520970277868005,False,24,0.38301711082247614,0.34620559737334033,0.058397774891903675,4.8748113952070105,0.933,0.7245,0.21182696521282196,1.0,0.92925,0.78375,0.65725,0.7245
partial_translation,gru,20262228,0.28556720446308537,0.0,0.0023250527856297463,False,40,0.4007151447106825,0.3003713810294396,0.008771200231563081,6.669905516100098,0.91325,0.72675,0.29791322350502014,1.0,0.927,0.7895,0.701,0.72675
partial_translation,gru,20262328,0.35828107332277237,0.0,0.0,False,37,0.3477696682275535,0.3145048087304515,0.0,7.91537667160607,0.91725,0.67125,0.18870960175991058,1.0,0.92625,0.7625,0.687,0.67125
partial_translation,gru,20262428,0.08459562977499246,0.0,0.012980058853318823,False,26,0.4282823901088725,0.3787460121603673,0.04974378759810438,6.577574206616334,0.92025,0.71575,0.20215651392936707,1.0,0.916,0.80525,0.686,0.71575
partial_translation,gru,20262528,0.2550930804837377,0.0,0.011640196919445381,False,12,0.540354507275312,0.4716036388214817,0.08658697257357928,7.157769535092408,0.886,0.67075,0.27628910541534424,1.0,0.88525,0.70675,0.6505,0.67075
partial_translation,gru,20262628,0.47268387072821316,0.0,0.0022253795148706656,False,20,0.37921671940937296,0.3760656359263598,0.005674542105511771,6.51152320484749,0.92725,0.717,0.21808555722236633,1.0,0.94475,0.79725,0.68075,0.717
partial_translation,gru,20262728,0.22146868646451945,0.0,0.005128693969187417,False,22,0.3703183992018182,0.35586917512913563,0.06083774868526781,6.541858570197104,0.92525,0.70575,0.21002675592899323,1.0,0.941,0.799,0.69725,0.70575
partial_translation,gru,20262828,0.59587362279203,0.0,0.01747538042030579,False,19,0.5646882444212215,0.46493847528721344,0.04298576142339161,7.047684727155907,0.92975,0.7205,0.317707359790802,1.0,0.91925,0.80075,0.68975,0.7205
partial_translation,gru,20262928,0.3021888474998071,0.0,0.01973398218730458,False,15,0.4896402989465962,0.4495026436380931,0.04705901614193286,6.482869971310567,0.93175,0.74175,0.2745727598667145,1.0,0.93075,0.79725,0.69625,0.74175
partial_translation,gru,20263028,0.649473450279711,0.0,0.036497907165242496,False,27,0.42031103627978317,0.37448941989578055,0.10137783747732942,5.41189427108,0.9335,0.73825,0.24668431282043457,1.0,0.934,0.844,0.71775,0.73825
partial_translation,gru,20263128,0.27286759856990733,0.0,0.007416076992584089,False,33,0.3631194684294101,0.32798073392406246,0.021267278481594154,8.47180357386495,0.90525,0.75725,0.26911041140556335,1.0,0.90075,0.77925,0.67225,0.75725
partial_translation,gru,20263228,0.24671504221877383,0.0,0.008329705138943004,False,23,0.5211828239185214,0.38393215863903396,0.02019428331593698,5.671689479085954,0.93025,0.75525,0.21783331036567688,1.0,0.9365,0.796,0.712,0.75525
partial_translation,gru,20263328,0.0013749694455813903,0.0,0.010952583607305215,False,26,0.34229619019479685,0.33283362733292676,0.04062556342859713,6.314042275535195,0.886,0.6785,0.34543806314468384,1.0,0.8805,0.7395,0.608,0.6785
partial_translation,gru,20263428,0.2034642855187559,0.0,0.010644569044765496,False,16,0.4890763025123671,0.44339639247868545,0.026415203843747292,5.43383651895127,0.92725,0.69575,0.22650539875030518,1.0,0.9105,0.77775,0.69825,0.69575
partial_translation,gru,20263528,0.0,0.0,0.016007821704722404,False,30,0.36169555595794256,0.35982818170186326,0.03975642663025658,6.829446177493411,0.926,0.70525,0.2538944184780121,1.0,0.93775,0.81575,0.68425,0.70525
partial_translation,gru,20263628,0.5788756211003547,0.0,0.005876659888290244,False,22,0.8526707817448633,0.3608006513926536,0.08574699588798562,5.205865338257442,0.8975,0.6995,0.35347700119018555,1.0,0.898,0.775,0.6155,0.6995
partial_translation,gru,20263728,0.33537558706094145,0.0,0.00024558484049724903,False,25,0.37664041062678044,0.33336996342664293,0.03482112466321674,5.921518352588933,0.92625,0.7135,0.19864241778850555,1.0,0.91775,0.79575,0.669,0.7135
partial_translation,rnn,20260628,0.23653516604594882,0.0,0.0034283826452396857,False,13,0.7129370173758667,0.5906920765709023,0.012719506276980264,7.406034892797468,0.9235,0.75825,0.2233532816171646,1.0,0.909,0.80525,0.7285,0.75825
partial_translation,rnn,20260728,0.6956043973301438,0.0,0.0025986390652005687,False,36,0.4924089871377617,0.4787376468395156,0.1555168676896692,8.002654016211537,0.913,0.755,0.2142300009727478,1.0,0.9065,0.78,0.746,0.755
partial_translation,rnn,20260828,0.7238272956228675,0.0,0.0026006902224185923,False,21,0.5171706561482134,0.4662249851337882,0.008684524165826213,10.131373894126945,0.90125,0.7125,0.2811487913131714,1.0,0.90925,0.769,0.70275,0.7125
partial_translation,rnn,20260928,0.7370137003711882,0.0,0.0,False,19,0.6345031393039211,0.6103527380886598,0.0,6.233580732617769,0.9195,0.822,0.15967033803462982,1.0,0.94325,0.8855,0.809,0.822
partial_translation,rnn,20261028,0.4075063896437462,0.0,0.0,False,23,0.5611476602780983,0.5358593573577382,0.0,9.822409050061488,0.89,0.73075,0.27020713686943054,1.0,0.8785,0.79475,0.7075,0.73075
partial_translation,rnn,20261128,0.5469986866121695,0.0,0.004853234839435925,False,21,0.6369547023389315,0.59967973836569,0.07536326606347488,7.578591933154474,0.9045,0.728,0.19599533081054688,1.0,0.90425,0.79075,0.70275,0.728
partial_translation,rnn,20261228,0.43828114835167764,0.0,0.0028797256419865742,False,20,0.7319243448255233,0.5593322463175862,0.10992744640043717,9.276917279603023,0.88375,0.744,0.2636983394622803,1.0,0.884,0.76125,0.72125,0.744
partial_translation,rnn,20261328,0.4452171752012383,0.0,0.004504415972886413,False,32,0.647254614508719,0.484383409476716,0.07095195409870647,8.19467148203529,0.92125,0.7755,0.23429825901985168,1.0,0.9155,0.82625,0.76925,0.7755
partial_translation,rnn,20261428,0.5597132826885732,0.0,0.0028275438731539303,False,30,0.586851100549943,0.5310451584847782,0.0974299707845121,8.84404170513813,0.9235,0.76325,0.17671826481819153,1.0,0.91425,0.838,0.782,0.76325
partial_translation,rnn,20261528,0.4711535471375744,0.0,0.012395698365790651,False,34,0.6705368184624003,0.526998261455869,0.045733988117657276,8.627454142921518,0.901,0.7365,0.2567790150642395,1.0,0.903,0.80425,0.718,0.7365
partial_translation,rnn,20261628,0.06874048623951895,0.0,0.01568830994023467,False,10,0.8117545434095421,0.7616133346871994,0.06007573046914971,10.531736534946944,0.8885,0.755,0.240062415599823,1.0,0.90075,0.76875,0.7105,0.755
partial_translation,rnn,20261728,0.0619622970708297,0.0,0.0015245760894626514,False,33,0.5235263980576058,0.4814657194573291,0.12918915244362084,10.193545556197597,0.9225,0.73475,0.25982967019081116,1.0,0.9265,0.77575,0.72925,0.73475
partial_translation,rnn,20261828,0.5712356884939882,0.0,0.009171303187049472,False,9,0.8817385299146201,0.7724710583978219,0.034668331697028654,9.547738207932673,0.9055,0.72775,0.2876344919204712,1.0,0.90725,0.80375,0.73425,0.72775
partial_translation,rnn,20261928,0.4359246207008712,0.0,0.0,False,30,0.5460909463007764,0.5117271850787573,0.0,8.401278732627697,0.9215,0.70475,0.28964096307754517,1.0,0.88925,0.76675,0.66075,0.70475
partial_translation,rnn,20262028,0.4931562284504636,0.0,0.003412017996190133,False,27,0.6264311453076497,0.5685162833759181,0.013352120889333685,12.444247374145434,0.9135,0.7495,0.2823105454444885,1.0,0.9205,0.80025,0.7395,0.7495
partial_translation,rnn,20262128,0.4876296077758191,0.0,0.028887339440630242,False,18,0.6993681629098403,0.6020693341852552,0.10630545127500812,13.056453912762155,0.9195,0.7205,0.2632881999015808,1.0,0.90375,0.7815,0.68125,0.7205
partial_translation,rnn,20262228,0.6709982751700317,0.0,0.008096228506464636,False,23,0.6333504907795857,0.6190668705343609,0.08211566595138109,7.4493070988912,0.90925,0.763,0.2767135500907898,1.0,0.9195,0.816,0.7695,0.763
partial_translation,rnn,20262328,0.7983623842444042,0.0,0.006367372580124946,False,24,0.5614248700939892,0.5516159141396304,0.041066858713924015,8.353659879476938,0.91025,0.7285,0.1917424499988556,1.0,0.91775,0.81525,0.72925,0.7285
partial_translation,rnn,20262428,0.5232392597025414,0.0,0.0006542660330229532,False,17,0.748068250959216,0.6479218262275781,0.00261393942311261,7.803892186000697,0.92025,0.747,0.1795969307422638,1.0,0.91025,0.82775,0.745,0.747
partial_translation,rnn,20262528,0.6498540354602569,0.0,2.910516426315807e-05,False,10,0.8041743475659251,0.6971157089761228,0.000109218592616811,7.702422616946209,0.9245,0.76525,0.21701692044734955,1.0,0.914,0.80425,0.73425,0.76525
partial_translation,rnn,20262628,0.49065127219211757,0.0,0.0038680643111084915,False,28,0.565977216417274,0.48487712297466423,0.058051738185982193,6.180665916715286,0.915,0.75575,0.20577989518642426,1.0,0.92225,0.83025,0.739,0.75575
partial_translation,rnn,20262728,0.27675407323871587,0.0,0.007728834487902584,False,22,0.6132810046681438,0.45669569182157477,0.2080097939033263,8.168715524976045,0.914,0.71575,0.22589850425720215,1.0,0.91925,0.8005,0.7145,0.71575
partial_translation,rnn,20262828,0.721771875089167,0.0,0.0,False,17,0.6768454878635264,0.6304087209312882,0.0,6.325362837401663,0.9055,0.759,0.2624107599258423,1.0,0.8945,0.814,0.7505,0.759
partial_translation,rnn,20262928,0.2010710785248926,0.0,0.003653469203334453,False,28,0.6061974186557679,0.5350084610928756,0.013032016386179235,8.547935070439822,0.909,0.74925,0.23071597516536713,1.0,0.916,0.8215,0.723,0.74925
partial_translation,rnn,20263028,0.13627781857803278,0.0,0.015553355474450197,False,18,0.7143202237600164,0.6712299645728992,0.10091617567178757,14.423128787372976,0.8885,0.6935,0.34855619072914124,1.0,0.892,0.7715,0.66975,0.6935
partial_translation,rnn,20263128,0.6068903434875986,0.0,0.0020947879321723036,False,29,0.5965227421279482,0.45323289321731086,0.01298967675221685,9.20875346382525,0.89475,0.782,0.20659971237182617,1.0,0.907,0.79875,0.7155,0.782
partial_translation,rnn,20263228,0.6080681721986169,0.0,0.0035714929945534373,False,23,0.77598439361515,0.5725913966250893,0.06408395972731484,7.076141310383524,0.9155,0.76925,0.26505759358406067,1.0,0.922,0.78525,0.75375,0.76925
partial_translation,rnn,20263328,0.5986903296761847,0.0,0.0017808199424524467,False,23,0.6607658004334207,0.6072690944518464,0.008140916820940092,11.976677985323317,0.914,0.77525,0.24221846461296082,1.0,0.91575,0.8115,0.73675,0.77525
partial_translation,rnn,20263428,0.7001477595820114,0.0,0.0006363264287929059,False,23,0.5604008642285797,0.49071404101153737,0.03616217694011814,7.55590481013147,0.90025,0.699,0.2609189748764038,1.0,0.88625,0.7345,0.69075,0.699
partial_translation,rnn,20263528,0.29912923501204647,0.0,0.0,False,21,0.5599955378325667,0.5490248792983761,0.0,6.6725691213902945,0.91675,0.74175,0.26213741302490234,1.0,0.9315,0.81475,0.73975,0.74175
partial_translation,rnn,20263628,0.5963074947755718,0.0,0.005869202133738901,False,27,1.1222798710504887,0.4533021671851507,0.08264703841192,6.681014440045766,0.83075,0.683,0.44919198751449585,1.0,0.838,0.72925,0.66575,0.683
partial_translation,rnn,20263728,0.6064637976832938,0.0,0.010244501959565125,False,19,0.7352417883147271,0.6233573682751272,0.038164260324474064,8.095625346428442,0.91775,0.75125,0.1907934993505478,1.0,0.9215,0.8235,0.73425,0.75125
random_shift,gru,20260628,0.11381828576792456,0.0,0.0,False,98,0.3418858957472253,0.29990837397143744,0.0,6.629645825276953,0.987,0.615,0.04465591907501221,1.0,0.989,0.883,0.74675,0.615
random_shift,gru,20260728,0.3201930072419106,0.0,0.0,False,130,0.33958291265628093,0.2783632000161188,0.0,6.700489460806015,0.99275,0.63225,0.03034253977239132,1.0,0.9905,0.9085,0.788,0.63225
random_shift,gru,20260828,0.33182363391514397,0.0,0.0,False,133,0.34119535740132434,0.2795774923669817,0.0,6.266861534311324,0.991,0.60775,0.029104813933372498,1.0,0.99325,0.909,0.75675,0.60775
random_shift,gru,20260928,0.5292548865802247,0.0,0.0,False,123,0.35588202584649586,0.2755482825138741,0.0,5.876142172303551,0.9905,0.63675,0.028149712830781937,1.0,0.98975,0.90675,0.73775,0.63675
random_shift,gru,20261028,0.24935726982388268,0.0,0.0,False,126,0.33933091397512094,0.26171712961038285,0.0,7.0326800694676415,0.99225,0.563,0.029219461604952812,1.0,0.99075,0.9025,0.78675,0.563
random_shift,gru,20261128,0.32674901426205466,0.0,0.0,False,90,0.45814152822332377,0.32363995794167055,0.0,9.019970718986903,0.98725,0.63575,0.03195270523428917,1.0,0.98825,0.888,0.72825,0.63575
random_shift,gru,20261228,0.31981989774213593,0.0,0.0,False,121,0.4227801248023507,0.28785571083686334,0.0,6.049476066437083,0.992,0.6345,0.02902418002486229,1.0,0.991,0.907,0.77925,0.6345
random_shift,gru,20261328,0.2097425877540896,0.0,0.0,False,106,0.3819172172435281,0.28402049985926625,0.0,5.8559960244034635,0.98625,0.606,0.03136860579252243,1.0,0.986,0.905,0.72625,0.606
random_shift,gru,20261428,0.5886967575445143,0.0,0.0,False,84,0.410769929664758,0.33353659607002073,0.0,5.889611329761966,0.98725,0.6125,0.03479361906647682,1.0,0.989,0.909,0.79725,0.6125
random_shift,gru,20261528,0.4374014985389353,0.0,0.0,False,101,0.39243861317874884,0.3033431869887002,0.0,6.975016981335003,0.993,0.57525,0.02888951264321804,1.0,0.99175,0.91925,0.77975,0.57525
random_shift,gru,20261628,0.29019711517961255,0.0,0.0,False,120,0.3674606786072213,0.2740688406281101,0.0,7.249486767496494,0.992,0.598,0.030158888548612595,1.0,0.9915,0.904,0.76475,0.598
random_shift,gru,20261728,0.3379842618008468,0.0,0.0,False,104,0.35544130915192307,0.28393798217842814,0.0,6.87348694244752,0.9885,0.584,0.02999015338718891,1.0,0.9885,0.9225,0.7785,0.584
random_shift,gru,20261828,0.35945646617023136,0.0,0.0,False,111,0.32683085840871606,0.2903396823701676,0.0,5.861334393677497,0.9925,0.57675,0.027148285880684853,1.0,0.99025,0.90725,0.75675,0.57675
random_shift,gru,20261928,0.5162739990937403,0.0,0.0,False,87,0.362407752716568,0.2942502350270497,0.0,6.360616085506473,0.989,0.65675,0.03072504699230194,1.0,0.9895,0.91175,0.76375,0.65675
random_shift,gru,20262028,0.5596841143454667,0.0,0.0,False,91,0.3457343218330243,0.30480206516969865,0.0,5.96232458570007,0.98975,0.59625,0.030512580648064613,1.0,0.9885,0.902,0.788,0.59625
random_shift,gru,20262128,0.42262333524169154,0.0,0.0,False,109,0.39138362461341214,0.29292588456447977,0.0,5.8128449283017,0.988,0.611,0.029584934934973717,1.0,0.991,0.90825,0.78475,0.611
random_shift,gru,20262228,0.46102354402574325,0.0,0.0,False,103,0.3606209213456769,0.29043783427782943,0.0,7.106590120453962,0.9905,0.55875,0.031245265156030655,1.0,0.992,0.9035,0.76525,0.55875
random_shift,gru,20262328,0.28536486360641644,0.0,0.0,False,110,0.39438766977299533,0.2941787151847718,0.0,6.382822857718894,0.992,0.63725,0.029067818075418472,1.0,0.992,0.89225,0.779,0.63725
random_shift,gru,20262428,0.3807514630488204,0.0,0.0,False,96,0.425223280032178,0.27594398411328624,0.0,6.748112054299589,0.99375,0.57925,0.02725646272301674,1.0,0.99325,0.8945,0.758,0.57925
random_shift,gru,20262528,0.5150950849809907,0.0,0.0,False,84,0.36364631597035935,0.3129298200147701,0.0,9.035738900488772,0.9905,0.618,0.03034099005162716,1.0,0.9905,0.907,0.798,0.618
random_shift,gru,20262628,0.4310817625962804,0.0,0.0,False,131,0.39646612308425144,0.2776581403071723,0.0,6.6268750281106,0.99375,0.599,0.026836425065994263,1.0,0.9925,0.907,0.7965,0.599
random_shift,gru,20262728,0.3513405050313789,0.0,0.0,False,101,0.34582919440690163,0.2941613540090917,0.0,6.764592235916532,0.99175,0.6045,0.03056308813393116,1.0,0.9895,0.882,0.7635,0.6045
random_shift,gru,20262828,0.3762152442910093,0.0,0.0,False,90,0.384223644087619,0.31003494141430976,0.0,6.356905359416131,0.98975,0.596,0.031230464577674866,1.0,0.98875,0.9135,0.75225,0.596
random_shift,gru,20262928,0.19524612968733818,0.0,0.0,False,104,0.3670451543827975,0.28450267493815173,0.0,6.684002281999613,0.99275,0.64925,0.028068415820598602,1.0,0.99175,0.9205,0.7285,0.64925
random_shift,gru,20263028,0.28486750015443696,0.0,0.0,False,110,0.35948686145369624,0.29835638823692867,0.0,6.018848633143405,0.98775,0.60425,0.026686329394578934,1.0,0.9915,0.91475,0.77025,0.60425
random_shift,gru,20263128,0.34259158456407707,0.0,0.0,False,98,0.3173270647431218,0.29312358788645465,0.0,6.489089674932413,0.99075,0.582,0.03317609056830406,1.0,0.989,0.93375,0.758,0.582
random_shift,gru,20263228,0.15408836922352892,0.0,0.0,False,72,0.428646013078986,0.3204758595696141,0.0,6.466174948517046,0.991,0.605,0.02829878404736519,1.0,0.991,0.91775,0.7755,0.605
random_shift,gru,20263328,0.24627984001000863,0.0,0.0,False,92,0.3894593847345551,0.3227992024015752,0.0,8.145051248572909,0.991,0.6,0.028406133875250816,1.0,0.99025,0.9145,0.79625,0.6
random_shift,gru,20263428,0.32734295277205533,0.0,0.0,False,93,0.3273692588151118,0.30524664259283085,0.0,6.395492278911909,0.98925,0.586,0.030500153079628944,1.0,0.9885,0.89225,0.78725,0.586
random_shift,gru,20263528,0.2839463513940009,0.0,0.0,False,110,0.3779907203110644,0.30109767236108287,0.0,6.099358721249603,0.9885,0.56525,0.03148169443011284,1.0,0.9915,0.9035,0.79125,0.56525
random_shift,gru,20263628,0.620762421266511,0.0,0.0,False,115,0.32120823825769096,0.2741928208263228,0.0,7.081958906471952,0.99225,0.63175,0.029708363115787506,1.0,0.993,0.9015,0.7605,0.63175
random_shift,gru,20263728,0.2976346435762481,0.0,0.0,False,115,0.39074107890966814,0.28158579735271816,0.0,6.8059789684663246,0.9935,0.66675,0.02928905002772808,1.0,0.99125,0.9025,0.792,0.66675
random_shift,rnn,20260628,0.23812564842271813,0.0,0.0,False,44,0.8140897144018509,0.6737117544025601,0.0,9.806034036279243,0.98275,0.67125,0.030527792870998383,1.0,0.98175,0.94325,0.81325,0.67125
random_shift,rnn,20260728,0.30263482009906667,0.0,0.0,False,51,0.5687160512457008,0.48981879734761014,0.0,10.434841444087697,0.987,0.6435,0.044769663363695145,1.0,0.9855,0.9265,0.806,0.6435
random_shift,rnn,20260828,0.09418280509708513,0.0,0.0,False,40,0.8492204815434796,0.7175034632815824,0.0,10.158689387839015,0.99025,0.63625,0.026336269453167915,1.0,0.98975,0.926,0.78575,0.63625
random_shift,rnn,20260928,0.5253289254792298,0.0,0.0,False,25,0.8669579351757717,0.7265048024117928,0.0,11.22033356668548,0.93575,0.65675,0.0633905902504921,1.0,0.932,0.93025,0.7675,0.65675
random_shift,rnn,20261028,0.5588588550319623,0.0,0.0,False,22,0.8452612285451679,0.7324077889071985,0.0,11.58150506368238,0.989,0.621,0.024785861372947693,1.0,0.988,0.9415,0.82625,0.621
random_shift,rnn,20261128,0.6290314774819425,0.0,0.0,False,71,0.6581902707287146,0.5692179775392254,0.0,9.930583555686745,0.989,0.6865,0.04875965788960457,1.0,0.98675,0.9235,0.76225,0.6865
random_shift,rnn,20261228,0.4619400861389818,0.0,0.0,False,71,0.6392645343657328,0.5794117814421631,0.0,10.52433222085539,0.98825,0.67525,0.029283367097377777,1.0,0.98275,0.9505,0.81825,0.67525
random_shift,rnn,20261328,0.4522622683909675,0.0,0.0,False,71,0.5341173460273074,0.5138682924977114,0.0,10.200927931535498,0.9705,0.6445,0.09964075684547424,1.0,0.96525,0.93225,0.778,0.6445
random_shift,rnn,20261428,0.6577077102299353,0.0,0.0,False,65,0.6642525999815458,0.6277156485587847,0.0,11.308614416002323,0.98175,0.66075,0.035555317997932434,1.0,0.98375,0.94975,0.83825,0.66075
random_shift,rnn,20261528,0.5768165946301237,0.0,0.0,False,67,0.6160509611048319,0.5243652764580922,0.0,10.437276128418612,0.98175,0.599,0.038938820362091064,1.0,0.97975,0.9505,0.8195,0.599
random_shift,rnn,20261628,0.2700987564266597,0.0,0.0,False,63,0.7561915993029296,0.5951772302268739,0.0,10.09520770259873,0.99025,0.65575,0.023749055340886116,1.0,0.9935,0.93825,0.8195,0.65575
random_shift,rnn,20261728,0.360703607913088,0.0,0.0,False,65,0.5802954197162278,0.4394775772180025,0.0,12.248168613273375,0.9745,0.61125,0.061746880412101746,1.0,0.974,0.946,0.8025,0.61125
random_shift,rnn,20261828,0.550967953102384,0.0,0.0,False,33,0.8500753786073749,0.7452929147440432,0.0,10.54903565661479,0.98475,0.617,0.0532638318836689,1.0,0.98625,0.938,0.79175,0.617
random_shift,rnn,20261928,0.37997481823946105,0.0,0.0,False,68,0.9226050291670396,0.4985000831249098,0.0,12.504483171049294,0.969,0.5925,0.08695417642593384,1.0,0.96625,0.9015,0.73675,0.5925
random_shift,rnn,20262028,0.31217386855502716,0.0,0.0,False,48,0.6952527105654729,0.6645250470297959,0.0,10.79498916751224,0.9905,0.6265,0.02680712193250656,1.0,0.98625,0.9265,0.81775,0.6265
random_shift,rnn,20262128,0.47579865601929,0.0,0.0,False,44,0.7225978419034265,0.6619602620460954,0.0,10.680560118322072,0.973,0.62825,0.04329416900873184,1.0,0.97425,0.929,0.80625,0.62825
random_shift,rnn,20262228,0.4687110284845105,0.0,0.0,False,58,0.6006013160149204,0.5721492637823953,0.0,10.299529767076576,0.99125,0.65025,0.019836923107504845,1.0,0.9905,0.948,0.83025,0.65025
random_shift,rnn,20262328,0.6482719567690616,0.0,0.0,False,68,0.7298259907931313,0.5506560796508442,0.0,9.411559480090336,0.98825,0.6745,0.031783781945705414,1.0,0.98425,0.9455,0.83625,0.6745
random_shift,rnn,20262428,0.35522778770517827,0.0,0.0005393509293686883,False,27,0.30552344018417465,0.2785016781884181,0.0015037993863068477,11.8151629998886,0.48575,0.23525,0.9131940007209778,1.0,0.493,0.40025,0.29725,0.23525
random_shift,rnn,20262528,0.5529317264926816,0.0,0.0,False,63,0.7629535340405658,0.6092009336827879,0.0,9.434064837342017,0.98975,0.644,0.023080840706825256,1.0,0.99025,0.93925,0.8325,0.644
random_shift,rnn,20262628,0.5944239636795166,0.0,0.0,False,59,0.7253274915892931,0.6355126271809095,0.0,10.64024726712147,0.993,0.6315,0.02377939037978649,1.0,0.992,0.95575,0.85275,0.6315
random_shift,rnn,20262728,0.39857318579330175,0.0,0.0,False,31,0.7950129213782913,0.777725493806336,0.0,10.605773363017578,0.95925,0.669,0.09164933115243912,1.0,0.96375,0.93425,0.83775,0.669
random_shift,rnn,20262828,0.5809816763592052,0.0,0.0,False,70,0.6081565280047017,0.5899724522819425,0.0,10.5474688714903,0.989,0.619,0.035755012184381485,1.0,0.98975,0.935,0.77475,0.619
random_shift,rnn,20262928,0.4564523792710981,0.0,0.0,False,31,0.46702649115421657,0.4327288032655724,0.0,13.258404871193699,0.852,0.41575,0.2635994553565979,1.0,0.86525,0.73775,0.5385,0.41575
random_shift,rnn,20263028,0.31982381106804525,0.0,0.0,False,24,0.8367969709894758,0.7526580299363355,0.0,11.728556338747392,0.92375,0.64,0.08812671899795532,1.0,0.92125,0.90475,0.81125,0.64
random_shift,rnn,20263128,0.442595258931744,0.0,0.0,False,66,0.6361242465443957,0.6177277418974547,0.0,12.43795512233997,0.988,0.6225,0.022819526493549347,1.0,0.991,0.953,0.79575,0.6225
random_shift,rnn,20263228,0.5025309535992304,0.0,0.0,False,73,0.6236085253003052,0.576833612841736,0.0,8.777257593924562,0.994,0.66775,0.02051914855837822,1.0,0.99225,0.9655,0.84175,0.66775
random_shift,rnn,20263328,0.5173873546808951,0.0,0.0,False,40,0.8271539951359388,0.6965965357621724,0.0,11.03767114887358,0.98725,0.63225,0.03575699403882027,1.0,0.99025,0.949,0.84125,0.63225
random_shift,rnn,20263428,0.3091441285775256,0.0,0.0,False,51,0.6950424079944992,0.6610416005774622,0.0,10.790593456227112,0.98325,0.63025,0.02395506203174591,1.0,0.98775,0.92825,0.80775,0.63025
random_shift,rnn,20263528,0.4109571742855699,0.0,0.0,False,63,0.613150169333398,0.5969226789470443,0.0,10.329158376993673,0.9865,0.6115,0.032884616404771805,1.0,0.986,0.94225,0.8355,0.6115
random_shift,rnn,20263628,0.4161649473474038,0.0,0.0,False,89,0.5238969547147478,0.5028566147121845,0.0,11.711577924504786,0.98925,0.6785,0.026530712842941284,1.0,0.987,0.94125,0.80525,0.6785
random_shift,rnn,20263728,0.34151509552461046,0.0,0.0,False,20,1.0151969732168,0.7115442300669557,0.0,12.874930905343959,0.98875,0.67525,0.036035992205142975,1.0,0.98275,0.9165,0.81125,0.67525
none,gru,20260628,0.11735629427873755,0.0,0.0,False,99,0.3601342878762095,0.29159110099487207,0.0,6.802218739688331,0.992,0.393,0.026139097288250923,1.0,0.9925,0.78525,0.64475,0.393
none,gru,20260728,0.46488426055669074,0.0,0.0,False,125,0.36489682923898725,0.2811156738716428,0.0,6.408764123290725,0.99025,0.437,0.03321751952171326,1.0,0.9875,0.76825,0.598,0.437
none,gru,20260828,0.35747136590901607,0.0,0.0,False,138,0.31141434595672224,0.26723256045296107,0.0,6.575502605190856,0.993,0.47125,0.027215369045734406,1.0,0.9905,0.75225,0.64325,0.47125
none,gru,20260928,0.3127896418797333,0.0,0.0,False,115,0.403722130510074,0.29979034660756876,0.0,7.495102274917474,0.9805,0.506,0.03626425936818123,1.0,0.9825,0.77475,0.65825,0.506
none,gru,20261028,0.49337599403552446,0.0,0.0,False,105,0.36244992742779514,0.3120192080842781,0.0,5.778128390107249,0.9925,0.425,0.028572330251336098,1.0,0.992,0.792,0.59525,0.425
none,gru,20261128,0.15157697995470246,0.0,0.0,False,126,0.43338974302963373,0.28197259537277886,0.0,7.092014681614122,0.989,0.49125,0.028388412669301033,1.0,0.986,0.7805,0.61625,0.49125
none,gru,20261228,0.4833790301891124,0.0,0.0,False,117,0.41193200801917085,0.2938659370088299,0.0,5.940682570422754,0.99125,0.486,0.025487350299954414,1.0,0.991,0.8165,0.61675,0.486
none,gru,20261328,0.4191532195630951,0.0,0.0,False,128,0.3636500547414945,0.29901447655571445,0.0,5.867544406852768,0.99275,0.49225,0.025855256244540215,1.0,0.99375,0.8025,0.6315,0.49225
none,gru,20261428,0.6070578576919861,0.0,0.0,False,127,0.3756282111502707,0.29537203656057065,0.0,6.5058451986358925,0.989,0.43525,0.029603011906147003,1.0,0.99,0.7765,0.61425,0.43525
none,gru,20261528,0.2897044835331754,0.0,0.0,False,114,0.36698510887783486,0.30218687152214363,0.0,6.025782076735016,0.9835,0.4405,0.041733719408512115,1.0,0.98475,0.77775,0.65725,0.4405
none,gru,20261628,0.2897983363783107,0.0,0.0,False,116,0.3446057634852552,0.3157293368343508,0.0,7.0896679021931055,0.993,0.479,0.02651793137192726,1.0,0.99225,0.74925,0.68525,0.479
none,gru,20261728,0.3240490523844323,0.0,0.0,False,128,0.3721294726183305,0.2844214633637765,0.0,6.468739763727254,0.98975,0.44075,0.028358016163110733,1.0,0.98875,0.75775,0.6215,0.44075
none,gru,20261828,0.3260986259955023,0.0,0.0,False,110,0.36185012463038024,0.299479837748602,0.0,6.000010747423201,0.9905,0.44225,0.026541560888290405,1.0,0.99225,0.77625,0.62225,0.44225
none,gru,20261928,0.6767560880457312,0.0,0.0,False,88,0.3161312890596062,0.3083903001602101,0.0,6.303301933015838,0.9915,0.4965,0.0285869799554348,1.0,0.99225,0.804,0.6065,0.4965
none,gru,20262028,0.5096106704715088,0.0,0.0,False,102,0.3629863396550571,0.3047218951124224,0.0,6.081340339074672,0.98525,0.49375,0.030385300517082214,1.0,0.9845,0.78325,0.65275,0.49375
none,gru,20262128,0.510433788739066,0.0,0.0,False,122,0.37777542164737565,0.29728490641164484,0.0,5.538594755741669,0.99225,0.45825,0.02521096169948578,1.0,0.989,0.7605,0.62975,0.45825
none,gru,20262228,0.22378307559835775,0.0,0.0,False,112,0.39539477624345576,0.30009108797425754,0.0,6.665497532278409,0.98625,0.491,0.02743230201303959,1.0,0.98775,0.7055,0.64775,0.491
none,gru,20262328,0.525810504478279,0.0,0.0,False,113,0.34303283862867207,0.2954023601258686,0.0,5.68177496746911,0.99,0.45025,0.029339732602238655,1.0,0.9905,0.77825,0.625,0.45025
none,gru,20262428,0.32515979262084066,0.0,0.0,False,120,0.3364180904916927,0.3079494925237404,0.0,6.349286263139751,0.99025,0.49575,0.026394885033369064,1.0,0.99175,0.7765,0.669,0.49575
none,gru,20262528,0.5888426093323222,0.0,0.0,False,105,0.3350425788710204,0.2915967554242245,0.0,6.034210871845942,0.9935,0.4465,0.027570651844143867,1.0,0.992,0.808,0.644,0.4465
none,gru,20262628,0.5091030023390258,0.0,0.0,False,111,0.37281427714545246,0.3082525624227147,0.0,6.010460140908644,0.991,0.48625,0.027044057846069336,1.0,0.9935,0.747,0.59175,0.48625
none,gru,20262728,0.20353610567504513,0.0,0.0,False,110,0.39610851773103173,0.3018465645325912,0.0,6.834842906573614,0.98975,0.407,0.02635154500603676,1.0,0.988,0.78875,0.627,0.407
none,gru,20262828,0.5567561123589392,0.0,0.0,False,135,0.3787022586651031,0.2782298823472741,0.0,5.809460418429294,0.98725,0.43525,0.03029920719563961,1.0,0.9885,0.77475,0.6055,0.43525
none,gru,20262928,0.2986062202150437,0.0,0.0,False,113,0.34335750622189454,0.3009003729021297,0.0,6.107075410251454,0.9905,0.45775,0.027179036289453506,1.0,0.989,0.71125,0.616,0.45775
none,gru,20263028,0.42733583914911516,0.0,0.0,False,132,0.35548367987338225,0.27446875727074127,0.0,6.243142010006072,0.98925,0.45125,0.02646765485405922,1.0,0.98975,0.7725,0.59875,0.45125
none,gru,20263128,0.3927140862697084,0.0,0.0,False,110,0.36443757806996746,0.3081489601079779,0.0,6.688527036330975,0.98875,0.4555,0.02954421006143093,1.0,0.98625,0.76575,0.60025,0.4555
none,gru,20263228,0.02355934092228594,0.0,0.0,False,111,0.3648921623344896,0.3027746560607244,0.0,8.610017761260915,0.98725,0.48425,0.032930806279182434,1.0,0.9855,0.77475,0.63725,0.48425
none,gru,20263328,0.3228885818268037,0.0,0.0,False,94,0.3605693729689122,0.32231808803764217,0.0,5.931240053000955,0.9745,0.45425,0.041513919830322266,1.0,0.97675,0.7685,0.608,0.45425
none,gru,20263428,0.5019973119241566,0.0,0.0,False,127,0.3448957827198227,0.29289371472068004,0.0,6.377178350049305,0.99,0.41275,0.02703847922384739,1.0,0.9895,0.77,0.66075,0.41275
none,gru,20263528,0.2761535765708639,0.0,0.0,False,123,0.403272132373209,0.293381920358753,0.0,6.21226213298212,0.99075,0.44975,0.02591366320848465,1.0,0.99225,0.7815,0.63075,0.44975
none,gru,20263628,0.6631183827267146,0.0,0.0,False,131,0.34643796568674834,0.2881345238371599,0.0,5.897345274700309,0.99,0.4625,0.03015195205807686,1.0,0.99025,0.79075,0.65525,0.4625
none,gru,20263728,0.3276755635858671,0.0,0.0,False,78,0.3979259482951102,0.3585132806730268,0.0,6.223377606947153,0.98875,0.50375,0.031034979969263077,1.0,0.98975,0.7665,0.6635,0.50375
none,rnn,20260628,0.19073475326970316,0.0,0.0,False,44,0.7754786305601906,0.6445108626836349,0.0,10.943989854069917,0.98175,0.4505,0.029022617265582085,1.0,0.9895,0.871,0.71525,0.4505
none,rnn,20260728,0.5471347661589201,0.0,0.0,False,56,0.622222131843635,0.552778716567311,0.0,10.668137109303325,0.98925,0.51525,0.027901433408260345,1.0,0.98975,0.85275,0.6575,0.51525
none,rnn,20260828,0.5600374081909284,0.0,0.0,False,31,0.7780805520990599,0.7258272139070312,0.0,9.366385789456572,0.987,0.5335,0.024828791618347168,1.0,0.98875,0.82725,0.69375,0.5335
none,rnn,20260928,0.5967903164576478,0.0,0.0,False,33,0.719260358413154,0.7105566636040976,0.0,8.841225522891435,0.991,0.5625,0.04084397107362747,1.0,0.985,0.85325,0.72925,0.5625
none,rnn,20261028,0.22935428873384925,0.0,0.0,False,64,0.8027420066816262,0.6073518803467095,0.0,9.77093399853868,0.987,0.473,0.027376441285014153,1.0,0.986,0.84975,0.65825,0.473
none,rnn,20261128,0.539559629901065,0.0,0.0,False,63,0.6790711584816562,0.5804539184314694,0.0,10.412893438486329,0.988,0.5605,0.024599744006991386,1.0,0.98825,0.872,0.7085,0.5605
none,rnn,20261228,0.4382283581843207,0.0,0.0,False,52,0.6469160823827071,0.6389381764503521,0.0,10.754275794793653,0.9855,0.54125,0.025976886972784996,1.0,0.987,0.88175,0.681,0.54125
none,rnn,20261328,0.6109707709849003,0.0,0.0,False,34,0.9269023112210204,0.7297758858780279,0.0,8.120359784691534,0.99,0.55875,0.022131118923425674,1.0,0.98775,0.88975,0.70125,0.55875
none,rnn,20261428,0.6901131860221921,0.0,0.0,False,82,0.652616508378586,0.5572008039748007,0.0,9.28917659618229,0.98175,0.47075,0.029045801609754562,1.0,0.9865,0.82475,0.66675,0.47075
none,rnn,20261528,0.6025557504783121,0.0,0.0,False,31,0.6981381137979674,0.6829932915190939,0.0,10.222632613458847,0.95775,0.465,0.07039044797420502,1.0,0.956,0.7945,0.67825,0.465
none,rnn,20261628,0.39210121568036127,0.0,0.0,False,91,0.49381413155940745,0.4719011174231169,0.0,8.228180274821998,0.988,0.5395,0.028522377833724022,1.0,0.99025,0.836,0.73925,0.5395
none,rnn,20261728,0.5573495304665528,0.0,0.0,False,93,0.548586564016309,0.5183092587432891,0.0,8.415222102594472,0.98975,0.5,0.01870153285562992,1.0,0.99075,0.8265,0.6835,0.5
none,rnn,20261828,0.5846195224745317,0.0,0.001173720265088398,False,36,0.7429554362941027,0.7008260783866838,0.06085845843113136,13.198832238707302,0.9875,0.47725,0.03108314611017704,1.0,0.98625,0.846,0.67475,0.47725
none,rnn,20261928,0.508411891911813,0.0,0.0,False,53,0.9123437751211325,0.5991346802956203,0.0,10.245842053076997,0.9825,0.53425,0.030711743980646133,1.0,0.9855,0.85625,0.65225,0.53425
none,rnn,20262028,0.4273243049713268,0.0,0.0,False,29,0.7374962850417472,0.70992139827709,0.0,12.714642176383649,0.98775,0.55275,0.021534141153097153,1.0,0.988,0.84675,0.69775,0.55275
none,rnn,20262128,0.5723012295156841,0.0,0.0,False,56,0.9594473950865114,0.6414549271509391,0.0,10.446697661502876,0.9905,0.50525,0.023635204881429672,1.0,0.98575,0.83475,0.688,0.50525
none,rnn,20262228,0.49966342441528805,0.0,0.0,False,25,0.7776229353973421,0.5532016157809132,0.0,12.39595637134657,0.96375,0.488,0.07095333933830261,1.0,0.961,0.766,0.66,0.488
none,rnn,20262328,0.5715467172305654,0.0,0.0,False,80,1.1605099515505048,0.5584162399404147,0.0,14.185432182171624,0.986,0.525,0.03565099090337753,1.0,0.99025,0.8745,0.72425,0.525
none,rnn,20262428,0.5581384306162849,0.0,0.0,False,25,0.8819206985064909,0.8162874144268863,0.0,11.434460167802248,0.98075,0.5445,0.02373938448727131,1.0,0.98625,0.82825,0.7025,0.5445
none,rnn,20262528,0.5376172069685157,0.0,0.0,False,55,0.6615158813236033,0.6080400682857274,0.0,10.012580234993623,0.97775,0.49325,0.036725420504808426,1.0,0.98075,0.851,0.67975,0.49325
none,rnn,20262628,0.6002749492184681,0.0,0.0,False,59,0.5607866344282393,0.5380557640271659,0.0,10.983310077094186,0.94675,0.4135,0.08621924370527267,1.0,0.9455,0.732,0.5255,0.4135
none,rnn,20262728,0.44451145269832676,0.0,0.0,False,28,1.0309168635338737,0.7668119443093229,0.0,9.547471470314788,0.98225,0.4765,0.03328036889433861,1.0,0.984,0.86375,0.6975,0.4765
none,rnn,20262828,0.5616925590243734,0.0,0.0,False,83,0.7296403469668966,0.5582287749062689,0.0,10.793305066125463,0.98375,0.5055,0.028340857475996017,1.0,0.98575,0.858,0.669,0.5055
none,rnn,20262928,0.4734020268287061,0.0,0.0,False,51,0.6789398787466407,0.6187886715120887,0.0,9.889865765419525,0.9725,0.537,0.045397885143756866,1.0,0.9705,0.82175,0.691,0.537
none,rnn,20263028,0.28791859891022,0.0,0.0,False,107,0.5181271707194952,0.4942690351583552,0.0,9.492689960311834,0.99175,0.498,0.02054523676633835,1.0,0.98975,0.83225,0.65775,0.498
none,rnn,20263128,0.5676508669594,0.0,0.0,False,61,0.8299047191046229,0.6088547717388573,0.0,9.896613417316905,0.98875,0.52,0.03012187033891678,1.0,0.98725,0.8515,0.66025,0.52
none,rnn,20263228,0.5305290596215219,0.0,0.0,False,64,0.670185048743444,0.6101210140510276,0.0,8.857024732743493,0.971,0.564,0.03827132284641266,1.0,0.9695,0.851,0.71275,0.564
none,rnn,20263328,0.5051218394967538,0.0,0.0,False,19,0.976483273292299,0.8285103134331508,0.0,10.094677537705659,0.986,0.53625,0.03967222198843956,1.0,0.98625,0.836,0.68125,0.53625
none,rnn,20263428,0.5003051449741331,0.0,0.0,False,46,0.7454347532992838,0.6887766547056737,0.0,10.91164304775705,0.984,0.4685,0.024179263040423393,1.0,0.99,0.8265,0.7165,0.4685
none,rnn,20263528,0.39681327303657177,0.0,0.0,False,70,0.6410906582647204,0.5852780840894036,0.0,8.85222432567086,0.98675,0.535,0.027681151404976845,1.0,0.988,0.86175,0.70475,0.535
none,rnn,20263628,0.48358756673278985,0.0,0.0,False,43,0.4951645200247602,0.48448013896483155,0.0,9.888415353655564,0.87475,0.36025,0.19053365290164948,1.0,0.874,0.70075,0.558,0.36025
none,rnn,20263728,0.46789724281987266,0.0,0.0,False,26,0.7950531197888311,0.6874024631959865,0.0,10.223098090751373,0.97175,0.557,0.05392882600426674,1.0,0.97825,0.83975,0.70875,0.557
wrong_group,gru,20260628,0.0,0.0,0.013399443391183373,False,6,0.37593680164841536,0.36166101333469614,0.027849461781822127,13.129113717287527,0.989,0.38675,0.030292728915810585,1.0,0.99125,0.77425,0.64275,0.38675
wrong_group,gru,20260728,0.0,0.0,0.009248574189599304,False,7,0.4112399193621872,0.30187897341881853,0.020291540895195803,14.618959126957197,0.99225,0.445,0.0286470428109169,1.0,0.98825,0.77575,0.604,0.445
wrong_group,gru,20260828,0.016672773158261964,0.0,0.0072957113002272206,False,16,0.21694321383951054,0.2075844114842233,0.02829949481655869,14.930516306466332,0.991,0.48225,0.025703065097332,1.0,0.9905,0.75575,0.6435,0.48225
wrong_group,gru,20260928,0.0,0.0,0.003125116252157199,False,10,0.33311668114417714,0.28318769778108027,0.0065269046524030205,13.194467556900408,0.99,0.506,0.02910805493593216,1.0,0.9895,0.77225,0.6575,0.506
wrong_group,gru,20261028,0.0,0.0,0.010565485351966837,False,9,0.24470734170375574,0.24182258667468726,0.022183343554151747,13.632483408521695,0.99175,0.43675,0.026843948289752007,1.0,0.993,0.7995,0.604,0.43675
wrong_group,gru,20261128,0.0,0.0,0.024975428380513885,False,11,0.30644353485481207,0.2378248451077239,0.08144981892283831,15.57469909704597,0.99075,0.479,0.02680234983563423,1.0,0.98875,0.7845,0.60875,0.479
wrong_group,gru,20261228,0.0,0.0,0.022695450499040384,False,11,0.2585853476978853,0.23403170428906428,0.055682709587055235,16.779879775043856,0.99,0.4845,0.025551574304699898,1.0,0.98875,0.81675,0.6165,0.4845
wrong_group,gru,20261328,0.0,0.0,0.005031466737689706,False,11,0.3548913676355301,0.2325402653264717,0.03761119148109848,11.972036411306297,0.99225,0.49525,0.026225104928016663,1.0,0.9915,0.807,0.6435,0.49525
wrong_group,gru,20261428,0.0,0.0,0.025987652746972036,False,4,0.44448036944575015,0.4296051045714119,0.05162803991311693,15.046718070110895,0.9895,0.42925,0.026474783197045326,1.0,0.99075,0.77875,0.61125,0.42925
wrong_group,gru,20261528,0.0,0.0,0.0013078017364626963,False,12,0.2558199396384263,0.1978033856215628,0.021501184635786874,13.766822095194108,0.99275,0.44375,0.027189066633582115,1.0,0.9925,0.782,0.65925,0.44375
wrong_group,gru,20261628,0.0,0.0,0.002252538303807222,False,11,0.35498391247212635,0.28447851638111565,0.015594688599180229,12.042582850993945,0.994,0.48675,0.027130335569381714,1.0,0.99125,0.75825,0.68925,0.48675
wrong_group,gru,20261728,0.0,0.0,0.01681671642714126,False,7,0.40413455218230543,0.3060472047614568,0.034221810377940365,11.287526321156633,0.986,0.45325,0.03490240499377251,1.0,0.98475,0.76825,0.6295,0.45325
wrong_group,gru,20261828,0.0,0.0,0.01757235694977774,False,2,0.45048488072387394,0.4037436549380886,0.03710334309958163,13.631245282822059,0.98975,0.42975,0.02689622901380062,1.0,0.9925,0.77325,0.6145,0.42975
wrong_group,gru,20261928,0.006507483662518903,0.0,0.010644150091564844,False,13,0.2978489959068903,0.2743844879665377,0.02128912793980786,10.302886469925491,0.989,0.5035,0.030597519129514694,1.0,0.9885,0.793,0.6055,0.5035
wrong_group,gru,20262028,0.05472788060750517,0.0,0.017926158538408874,False,5,0.3482022738596987,0.3354302849630778,0.035823973110538976,12.286442554822086,0.988,0.497,0.027214359492063522,1.0,0.9855,0.7925,0.653,0.497
wrong_group,gru,20262128,0.0,0.0,0.01420061062905607,False,13,0.24992871351800022,0.23073242459438437,0.028804280101792368,13.613401303119499,0.99175,0.47025,0.02986043132841587,1.0,0.9895,0.76125,0.64125,0.47025
wrong_group,gru,20262228,0.0,0.0,0.02227640158279177,False,11,0.29034709048556884,0.21830584292063748,0.04398214155303115,14.419385151161032,0.991,0.49475,0.025634765625,1.0,0.98975,0.72075,0.65475,0.49475
wrong_group,gru,20262328,0.004108598592760792,0.0,0.013265898508792262,False,13,0.2406833933286776,0.23216160803710428,0.02768582712424117,11.598700393244359,0.97925,0.4775,0.03420107811689377,1.0,0.982,0.7835,0.63775,0.4775
wrong_group,gru,20262428,0.0,0.0,0.01309860998157405,False,5,0.3158758857567048,0.28723965767821413,0.02582239374932005,13.052346665609335,0.98975,0.48,0.02689187228679657,1.0,0.9885,0.7675,0.655,0.48
wrong_group,gru,20262528,0.0,0.0,0.017556434937209296,False,12,0.33425073680307804,0.3180156562798285,0.03652209188082589,11.411052737977045,0.98775,0.45775,0.02845645323395729,1.0,0.98525,0.80275,0.64375,0.45775
wrong_group,gru,20262628,0.0,0.0,0.003502829987618568,False,14,0.44456603141938644,0.2977243043297433,0.0070514880991564,15.044832393832236,0.99025,0.49375,0.028699444606900215,1.0,0.993,0.75375,0.59825,0.49375
wrong_group,gru,20262728,0.0,0.0,0.004987081235659217,False,18,0.21252967445251697,0.17591627802327514,0.010373911794307689,12.901977856093053,0.991,0.40575,0.026059282943606377,1.0,0.98925,0.79025,0.628,0.40575
wrong_group,gru,20262828,0.01223476888877353,0.0,0.011201899214306163,False,8,0.30973666550711654,0.28583284840146855,0.023521638044818105,12.722337631322898,0.9875,0.435,0.02735001966357231,1.0,0.98875,0.77875,0.6065,0.435
wrong_group,gru,20262928,0.0,0.0,0.005941091527503579,False,6,0.33626203427951384,0.25584026317980624,0.012344621680213497,13.14999701714253,0.98775,0.46275,0.025455987080931664,1.0,0.9855,0.712,0.62,0.46275
wrong_group,gru,20263028,0.0,0.0,0.002902737623045264,False,10,0.30702012571118975,0.27052224684822407,0.02510097913730247,11.761623088823717,0.99,0.446,0.026166291907429695,1.0,0.9865,0.76925,0.6005,0.446
wrong_group,gru,20263128,0.016022037673335827,0.0,0.004159564981609605,False,17,0.22715074692833181,0.1822623020609927,0.06211846376700192,15.495970392870374,0.98925,0.44975,0.03120313584804535,1.0,0.98825,0.7635,0.59275,0.44975
wrong_group,gru,20263228,0.0,0.0,0.013645712134228844,False,12,0.1936670034599527,0.19152782512307703,0.036101306407636424,16.985146185275635,0.991,0.5,0.026954257860779762,1.0,0.99025,0.77825,0.64725,0.5
wrong_group,gru,20263328,0.0,0.0,0.00231768901949695,False,14,0.33862407358641244,0.2440864554950407,0.013742873310635784,14.620783401757164,0.98925,0.475,0.028988955542445183,1.0,0.993,0.79025,0.638,0.475
wrong_group,gru,20263428,0.0,0.0,0.0021136718594030324,False,14,0.2810557061594964,0.24664216117597548,0.051127359531838334,13.076180288209603,0.9915,0.42425,0.027484120801091194,1.0,0.98975,0.77775,0.67125,0.42425
wrong_group,gru,20263528,0.0,0.0,0.010743085409119021,False,9,0.3837165133974806,0.3065374808948076,0.02323186824238266,13.23146295854844,0.98975,0.47175,0.025457847863435745,1.0,0.99325,0.79725,0.643,0.47175
wrong_group,gru,20263628,0.0,0.0,0.005272891255521382,False,8,0.2567261452992353,0.200821080218005,0.010877792131469721,12.510986153031913,0.9915,0.4555,0.02675015479326248,1.0,0.99375,0.79025,0.6535,0.4555
wrong_group,gru,20263728,0.0,0.0,0.0014996035221195062,False,18,0.2717751609672978,0.20295039844816576,0.07055949403149325,11.394777072934543,0.9885,0.4965,0.03131856396794319,1.0,0.989,0.75925,0.652,0.4965
wrong_group,rnn,20260628,0.0,0.0,0.016217246534110788,False,13,0.8969425659089227,0.6038030497753302,0.07937797349809905,13.079132672680759,0.977,0.4435,0.06309446692466736,1.0,0.9805,0.84425,0.71325,0.4435
wrong_group,rnn,20260728,0.06634300153910953,0.0,0.01938768193936371,False,12,0.6124823287341662,0.4860247324174878,0.07857426174563198,16.78973598235984,0.9845,0.48725,0.029228894039988518,1.0,0.98725,0.8355,0.63475,0.48725
wrong_group,rnn,20260828,0.14887328158825966,0.0,0.0021322156146772924,False,13,0.601635521422655,0.4402317895132519,0.12688962886366428,15.446587343176487,0.99175,0.544,0.01994212530553341,1.0,0.99075,0.8545,0.712,0.544
wrong_group,rnn,20260928,0.14479361436201751,0.0,0.0019608635959386445,False,9,0.5776616152765406,0.5453179115317599,0.03239355603027283,15.414744277581029,0.99,0.5685,0.022412898018956184,1.0,0.98675,0.8535,0.726,0.5685
wrong_group,rnn,20261028,0.08445182911946364,0.0,0.011498290723919984,False,10,0.6091869992274148,0.5711347793342516,0.15758632111898652,18.252441519809523,0.98475,0.5025,0.03101276606321335,1.0,0.9835,0.87075,0.68,0.5025
wrong_group,rnn,20261128,0.24124327978979737,0.0,0.0,False,18,0.5074614037218819,0.44182469564397475,0.0,15.762851629060608,0.98425,0.535,0.03323126211762428,1.0,0.9845,0.84475,0.676,0.535
wrong_group,rnn,20261228,0.10944593026118517,0.0,0.005117999046421061,False,12,0.7356365958983588,0.4269034171397065,0.0212626716180504,19.01760163652871,0.9605,0.50225,0.08367929607629776,1.0,0.95875,0.83675,0.643,0.50225
wrong_group,rnn,20261328,0.002732510656271386,0.0,0.006807281887986182,False,12,0.5785482542905919,0.5717071245460545,0.03209771632474667,14.242017871924011,0.993,0.537,0.0223967544734478,1.0,0.99,0.867,0.69675,0.537
wrong_group,rnn,20261428,0.07341852249510446,0.0,0.002320000836022578,False,9,0.74998461960741,0.6948877238462126,0.19608042100212253,14.937981934500925,0.991,0.503,0.02383616752922535,1.0,0.98825,0.879,0.69875,0.503
wrong_group,rnn,20261528,0.09641928978946768,0.0,0.0050177106464761615,False,9,0.7234174725408535,0.449805171072175,0.05552974331987304,16.25183373842303,0.958,0.51475,0.0637187510728836,1.0,0.96125,0.86325,0.738,0.51475
wrong_group,rnn,20261628,0.08451132770470879,0.0,0.007225084888936901,False,16,0.7875811608907246,0.6398319839532833,0.031395513795217767,13.30059230979637,0.98375,0.54175,0.031495530158281326,1.0,0.9855,0.8195,0.73525,0.54175
wrong_group,rnn,20261728,0.02537752445182838,0.0,0.005153308005150613,False,9,0.6385793114563767,0.5564481966242139,0.02000601811426228,14.064982901823194,0.9515,0.48725,0.09855840355157852,1.0,0.9515,0.786,0.65375,0.48725
wrong_group,rnn,20261828,0.019309493499788315,0.0,0.01782065786000326,False,9,1.3188357577604286,0.6265444223360269,0.16682859681686368,15.442862093887422,0.9855,0.48025,0.024787498638033867,1.0,0.9875,0.85275,0.67175,0.48025
wrong_group,rnn,20261928,0.0,0.0,0.014266797849069836,False,12,0.7153707572673069,0.6526954456415661,0.08220869032438483,16.126716646612532,0.99,0.556,0.023621663451194763,1.0,0.99075,0.876,0.666,0.556
wrong_group,rnn,20262028,0.10731126230730792,0.0,0.0020694418480660245,False,19,0.6857874314260193,0.5590981935596824,0.038823622480700815,15.654419690087767,0.978,0.5545,0.05593479424715042,1.0,0.97525,0.83325,0.69675,0.5545
wrong_group,rnn,20262128,0.05934448287657401,0.0,0.0030411657265927653,False,9,0.8602455612261566,0.7858012763060267,0.0968089501177809,14.085506626232378,0.99025,0.50375,0.030330950394272804,1.0,0.9855,0.81225,0.6755,0.50375
wrong_group,rnn,20262228,0.059139052844592754,0.0,0.009418520601040424,False,15,0.8816682752349896,0.6296050855227837,0.16173634625487132,15.46935033542154,0.9835,0.553,0.023315899074077606,1.0,0.988,0.809,0.70475,0.553
wrong_group,rnn,20262328,0.1395741941411008,0.0,0.002742561684307279,False,13,0.5190082055757221,0.5128075987399311,0.12751057470816973,16.826615220139214,0.9815,0.525,0.0350099615752697,1.0,0.979,0.8615,0.72175,0.525
wrong_group,rnn,20262428,0.1229385876485626,0.0,0.0,False,17,0.5420569521703467,0.4123480975941678,0.0,19.840058198059694,0.98725,0.5425,0.030137674883008003,1.0,0.9875,0.835,0.6975,0.5425
wrong_group,rnn,20262528,0.0,0.0,0.006399135601473454,False,18,0.7484067989630487,0.6040523377139495,0.02926161468645816,14.145825278380308,0.992,0.50675,0.02472515217959881,1.0,0.98925,0.87875,0.69275,0.50675
wrong_group,rnn,20262628,0.18705474421998114,0.0,0.017430385463799464,False,10,0.8495967325630458,0.713355592805468,0.1289828827539874,17.595606612242893,0.9825,0.537,0.044617652893066406,1.0,0.987,0.82125,0.65125,0.537
wrong_group,rnn,20262728,0.00017890652275096317,0.0,0.0062474266073333,False,9,0.5513143597145274,0.49012498696052365,0.030852603937413292,16.49012964198169,0.98125,0.453,0.05016294866800308,1.0,0.9825,0.858,0.69725,0.453
wrong_group,rnn,20262828,0.12319777474545618,0.0,0.0015819748812577368,False,18,0.9619931901546259,0.6438487012460956,0.008069360127424319,15.845977102524916,0.98975,0.4995,0.03225114569067955,1.0,0.991,0.856,0.6625,0.4995
wrong_group,rnn,20262928,0.06504322834320315,0.0,0.007978607871531063,False,14,0.854571022957306,0.6254225072853214,0.05908297030167331,14.533115642881457,0.97675,0.49175,0.029445037245750427,1.0,0.9765,0.757,0.65125,0.49175
wrong_group,rnn,20263028,0.1368592316194295,0.0,0.006907556186499288,False,7,0.7824279758891204,0.7062716277053468,0.029341681689065147,12.964474979848221,0.98725,0.51925,0.02917375974357128,1.0,0.98775,0.858,0.6765,0.51925
wrong_group,rnn,20263128,0.13357058893658114,0.0,0.016235388472647685,False,14,0.8558030692634189,0.526729901549551,0.1350373122630073,19.649006343829367,0.96275,0.52725,0.048757556825876236,1.0,0.96175,0.85875,0.6635,0.52725
wrong_group,rnn,20263228,0.20078608802224457,0.0,0.004568301735658447,False,12,0.5193345769216562,0.4987967037625387,0.019887716548548928,18.343593661896204,0.99075,0.56225,0.030397016555070877,1.0,0.987,0.8755,0.7155,0.56225
wrong_group,rnn,20263328,0.16131642187434136,0.0,0.006182466259594775,False,23,0.44995687016554875,0.4198574176801717,0.09593453977867661,21.08947280173253,0.93925,0.43125,0.0843215137720108,1.0,0.9485,0.768,0.6035,0.43125
wrong_group,rnn,20263428,0.09554619316056046,0.0,0.006344196047784889,False,10,0.7901368474438226,0.7517644280679927,0.031002336480854042,14.717371386339973,0.98925,0.46775,0.020247718319296837,1.0,0.9865,0.831,0.71675,0.46775
wrong_group,rnn,20263528,0.09779118074184494,0.0,0.01357503397095538,False,8,0.7490672305867128,0.686661950932199,0.06638845332312782,14.13845712751961,0.995,0.50075,0.020943110808730125,1.0,0.99125,0.8375,0.6795,0.50075
wrong_group,rnn,20263628,0.0010542157234004633,0.0,0.012385007930415661,False,9,0.5454905286016289,0.4745453040036154,0.18445034168379248,14.450133873409083,0.99,0.499,0.028231298550963402,1.0,0.99075,0.8235,0.68525,0.499
wrong_group,rnn,20263728,0.14307170938150193,0.0,0.00030074787068412617,False,13,0.6095051994724078,0.5661666815641937,0.0013036236065813167,13.43552430832086,0.97775,0.5495,0.13778194785118103,1.0,0.97775,0.80375,0.7035,0.5495
